V1,V2
sall.lep.txt,Easy
varro.ll5.txt,Hard
may5.txt,Medium
seb.txt,Easy
hist.txt,Hard
iacob.txt,Easy
quinc.txt,Medium
liv.per33.txt,Easy
diad.txt,Medium
ovid.ponto2.txt,Medium
seneca.ep9.txt,Hard
vulgar.txt,Medium
murena.txt,Hard
solinus5.txt,Hard
conf2.txt,Medium
sall.frag.txt,Hard
epistola.txt,Medium
vitapauli.txt,Medium
hyginus2.txt,Hard
civ3.txt,Hard
seneca.ep3.txt,Hard
john3.txt,Easy
liv.per35.txt,Easy
annalesregnifrancorum.txt,Hard
ovid.artis1.txt,Hard
vell2.txt,Hard
ruaeus.txt,Medium
liv.per97.txt,Easy
musica.txt,Easy
liv.per90.txt,Easy
hyginus5.txt,Hard
seneca.ep14-15.txt,Hard
31 (1).txt,Medium
theod11.txt,Hard
suet.rhet.txt,Medium
4.txt,Medium
sulla.txt,Hard
7.txt,Hard
repub6.txt,Medium
timothy2.txt,Easy
fam2.txt,Medium
orosius6.txt,Hard
malaterra4.txt,Hard
sicmeafata.txt,Easy
suet.titus.txt,Medium
carmeninvictoriam.txt,Medium
bonaventura.itinerarium.txt,Medium
contro.txt,Easy
indices.txt,Easy
liv.30.txt,Hard
digest27.txt,Medium
cotta.txt,Medium
att7.txt,Hard
moriae.txt,Hard
gregory7.txt,Hard
1 (1).txt,Medium
digest41.txt,Medium
milo.txt,Hard
digest40.txt,Hard
liv.per125.txt,Easy
liv.per47.txt,Easy
mapps2.txt,Medium
ency.fides.txt,Hard
pliny.ep6.txt,Hard
serm1 (1).txt,Hard
gregorytours7.txt,Hard
orosius4.txt,Hard
solinus3a.txt,Hard
hymni.txt,Easy
vulgar2.txt,Medium
serm76.txt,Easy
17 (2).txt,Easy
quintilian.institutio5.txt,Hard
geo3.txt,Medium
vico.orat6.txt,Medium
q1.52.txt,Easy
4 (3).txt,Hard
prologus (1).txt,Easy
don.txt,Easy
lucretius4.txt,Hard
walter2.txt,Easy
fulgentius4.txt,Easy
psplato.demodocus.txt,Easy
civ9.txt,Medium
chris.txt,Easy
hist1.txt,Hard
victor.ill.txt,Hard
ovid.tristia1.txt,Medium
q1.14.txt,Medium
lucan1.txt,Medium
fam14.txt,Medium
acts.txt,Hard
trin10.txt,Medium
q1.42.txt,Easy
tusc1.txt,Hard
mariamag.txt,Easy
laude.txt,Medium
trin6.txt,Easy
trin8.txt,Medium
q1.32.txt,Easy
sententiae.txt,Medium
digest43.txt,Hard
clod.txt,Medium
hipp.txt,Medium
ovid.ponto4.txt,Hard
sen.agamemnon.txt,Medium
varia6.txt,Hard
vitruvius6.txt,Medium
persa.txt,Medium
wmconchesphil.txt,Medium
prud6.txt,Easy
liv.per50.txt,Easy
q1.40.txt,Easy
9.txt,Hard
mart2.txt,Medium
civ1.txt,Hard
nepos.fragmenta.txt,Easy
liv.per76.txt,Easy
gall2.txt,Medium
5 (3).txt,Hard
sedulius.solis.txt,Easy
silvae4.txt,Medium
lucretius5.txt,Hard
balbo.txt,Medium
gelliuscapitula.txt,Medium
capellanus2.txt,Medium
theganus.txt,Medium
strat1.txt,Medium
vatin.txt,Medium
att15.txt,Medium
histapoll.txt,Hard
eugenius.txt,Easy
miles.txt,Hard
alanus1.txt,Hard
withof5.txt,Easy
index.txt,Easy
albertanus.sermo2.txt,Medium
vell1.txt,Medium
24 (1).txt,Medium
deaeternitate.txt,Medium
digest9.txt,Medium
digest8.txt,Medium
liv.per81.txt,Easy
enn.txt,Easy
may3.txt,Medium
conf1.txt,Medium
varia9.txt,Hard
dicchristi.txt,Easy
nepos.kings.txt,Easy
quintilian.decl.mai8.txt,Medium
liv.23.txt,Hard
q1.2.txt,Easy
q1.50.txt,Easy
q1.16.txt,Easy
blas.txt,Easy
maidstone.txt,Medium
off2.txt,Hard
strena.txt,Medium
nemesianus1.txt,Easy
liv.per131.txt,Easy
concilium1.txt,Medium
avid.txt,Medium
lucan5.txt,Medium
silius16.txt,Medium
lucan6.txt,Medium
iulianus1.txt,Hard
20 (3).txt,Hard
lhomond.viris.txt,Hard
quintilian.institutio9.txt,Hard
ovid.met9.txt,Hard
columella.rr1.txt,Hard
conf3.txt,Medium
quadragesima2.txt,Easy
tertullian.praescrip.txt,Medium
seneca.ep6.txt,Hard
quintilian.decl.mai13.txt,Medium
trin1.txt,Medium
solinus2a.txt,Hard
tertullian.oratione.txt,Medium
serm81.txt,Medium
liv.per19.txt,Easy
achilleid1.txt,Hard
compet.txt,Medium
inscriptions.txt,Easy
abbofloracensis.txt,Hard
williamapulia.txt,Hard
sen.consolatione2.txt,Hard
seneca.ep11-13.txt,Hard
sidonius9.txt,Hard
gall3.txt,Medium
pert.txt,Medium
fabe.txt,Medium
q1.30.txt,Easy
q1.41.txt,Easy
9 (2).txt,Easy
apuleius.deosocratis.txt,Medium
q1.29.txt,Easy
cat2.txt,Medium
petrarchmedicus.txt,Hard
estas.txt,Easy
liv.per100.txt,Easy
tertullian.genesis.txt,Easy
digest28.txt,Hard
att9.txt,Hard
amic.txt,Hard
eucherius.txt,Medium
obitu.txt,Easy
sen.ira3.txt,Hard
seneca.contr10.txt,Hard
digest15.txt,Medium
mapps1.txt,Medium
liv.per115.txt,Easy
plancio.txt,Hard
phil11.txt,Medium
tertullian.fuga.txt,Medium
digest31.txt,Medium
liv.per52.txt,Easy
ovid.her6.txt,Easy
conf11.txt,Medium
ilias.txt,Medium
vitruvius9.txt,Medium
liv.per45.txt,Easy
luther.lteramus.txt,Easy
digest19.txt,Medium
15 (4).txt,Hard
albertanus4.txt,Hard
q1.69.txt,Easy
sen.qn6.txt,Medium
nepos.han.txt,Medium
obsequens.txt,Medium
p1.txt,Easy
sen.qn7.txt,Medium
tac.agri.txt,Hard
janus2.txt,Easy
pliny.ep3.txt,Hard
silius12.txt,Medium
nepos.pel.txt,Easy
orosius3.txt,Hard
off3.txt,Hard
nithardus1.txt,Medium
tertullian.anima.txt,Hard
tertullian.apol.txt,Hard
avienus.ora.txt,Medium
inventione1.txt,Hard
ovid.amor2.txt,Hard
apuleius.mundo.txt,Medium
21 (2).txt,Hard
prologus.txt,Easy
gregdecretals5.txt,Hard
q1.8.txt,Easy
vitruvius2.txt,Medium
gregorytours2.txt,Hard
serm6.txt,Easy
liv.32.txt,Hard
civ18.txt,Hard
q1.60.txt,Easy
aen3.txt,Medium
lotichius.txt,Easy
sedulius2.txt,Medium
11 (3).txt,Hard
pliny.nh3.txt,Medium
sidonius6.txt,Medium
digest30.txt,Medium
att2.txt,Hard
liv.per36.txt,Easy
propertius1.txt,Medium
egeria2.txt,Medium
att12.txt,Hard
mensoria.txt,Easy
tibullus3.txt,Medium
fin2.txt,Hard
prud11.txt,Medium
trina.txt,Easy
tac.ger.txt,Hard
consulatu.txt,Easy
prud3.txt,Easy
galileo.sid.txt,Medium
gregorytours3.txt,Medium
ovid.her10.txt,Easy
phil5.txt,Medium
carm2.txt,Medium
des.syn.txt,Easy
gwinne5.3.txt,Medium
q1.34.txt,Easy
serm17.txt,Easy
liv.per88.txt,Easy
liv.per60.txt,Easy
simedignetur.txt,Easy
carus.txt,Medium
epist (1).txt,Easy
corinthians1.txt,Medium
theb1.txt,Medium
seneca.contr2.txt,Hard
1 (3).txt,Hard
jud.txt,Easy
liv.per136-7.txt,Easy
nivis.txt,Easy
bede3.txt,Hard
appverg.catalepton.txt,Medium
7 (2).txt,Medium
q1.72.txt,Easy
milton.quintnov.txt,Medium
liv.per61.txt,Easy
gord.txt,Hard
10 (3).txt,Hard
balde2.txt,Easy
mir9.txt,Easy
6 (3).txt,Hard
prop4.txt,Medium
29 (1).txt,Easy
13.txt,Medium
piccolomini.ep4.txt,Medium
septsap.txt,Medium
decretum.txt,Easy
phil3.txt,Medium
digest45.txt,Medium
liv.per107.txt,Easy
liv.per83.txt,Easy
nithardus4.txt,Medium
suet.gram.txt,Medium
mart6.txt,Medium
john.txt,Medium
henrysettimello.txt,Hard
sigebert.virgin.txt,Easy
celtis.oratio.txt,Medium
fam1.txt,Hard
ben3.txt,Medium
bacon.praefatio.txt,Medium
civ17.txt,Medium
ezra.txt,Medium
phil8.txt,Medium
valeriusflaccus4.txt,Medium
aulularia.txt,Hard
orosius5.txt,Hard
q1.6.txt,Easy
varro.rr2.txt,Hard
persius.txt,Medium
liv.per49.txt,Easy
obadiah.txt,Easy
liv.39.txt,Hard
serm19.txt,Easy
epistulae.txt,Hard
laude (1).txt,Medium
spinoza.ethica2.txt,Medium
peter2.txt,Easy
columella.rr10.txt,Medium
fam10.txt,Hard
maximianus.txt,Medium
ovid.met15.txt,Hard
fam7.txt,Hard
richerus1.txt,Medium
mart9.txt,Hard
23 (2).txt,Easy
att16.txt,Hard
1 (4).txt,Hard
tertullian.paen.txt,Medium
liv.per82.txt,Easy
phaedr1.txt,Medium
rusticus.txt,Medium
valeriusflaccus6.txt,Medium
quum.txt,Easy
serm12.txt,Medium
ep.priapismo.txt,Medium
max.txt,Medium
aen2.txt,Medium
pliny.ep5.txt,Hard
maxbal.txt,Medium
des.med1.txt,Easy
mart14.txt,Medium
q1.24.txt,Easy
revelation.txt,Medium
erchempert.txt,Hard
prologi.txt,Hard
digest20.txt,Medium
waardenburg.txt,Easy
prud7.txt,Easy
tac.ann4.txt,Hard
tibullus1.txt,Hard
commodianus2.txt,Hard
sen.qn3.txt,Medium
phil2.txt,Hard
q1.13.txt,Easy
off1.txt,Hard
liv.43.txt,Medium
walter3.txt,Medium
legagr2.txt,Hard
quintilian.institutio12.txt,Hard
gall8.txt,Medium
liv.37.txt,Hard
leo3.txt,Medium
appverg.aetna.txt,Medium
ec7.txt,Easy
35.txt,Easy
apuleius4.txt,Medium
quintilian.institutio6.txt,Hard
gwinne5.4.txt,Medium
eutropius6.txt,Medium
vin.txt,Easy
gregorytours6.txt,Hard
gall.txt,Medium
ter.adel.txt,Hard
sulpiciusseverusmartin.txt,Hard
17 (1).txt,Medium
sen.apoc.txt,Medium
4 (4).txt,Hard
haruspicum.txt,Hard
seneca.ep8.txt,Hard
petrarch.ep1.txt,Easy
liv.per64.txt,Easy
digest22.txt,Medium
aen9.txt,Medium
19 (3).txt,Hard
vitruvius10.txt,Medium
ep (2).txt,Medium
digest5.txt,Medium
eutropius4.txt,Medium
cas.txt,Medium
withof4.txt,Easy
histrom15.txt,Easy
seneca.contr8.txt,Medium
civ12.txt,Medium
postreditum2.txt,Medium
liv.33.txt,Hard
ovid.her5.txt,Easy
navagero.txt,Hard
prosperus.sententiae.txt,Hard
seneca.ep19.txt,Hard
22 (1).txt,Medium
luther.95.txt,Easy
8.txt,Hard
gravissimas.txt,Easy
21 (1).txt,Easy
cinna.txt,Easy
16.txt,Hard
sen.hercules.txt,Hard
ovid.met10.txt,Hard
hist1 (1).txt,Hard
truculentus.txt,Hard
reg.txt,Medium
gall1.txt,Hard
sall.cotta.txt,Easy
sulpiciusseveruschron2.txt,Hard
att1.txt,Hard
suet.claudius.txt,Hard
antibarb.txt,Hard
civ21.txt,Hard
newton.regulae.txt,Easy
peter1.txt,Easy
dicquid.txt,Easy
sedulius4.txt,Medium
civ8.txt,Medium
petroniusfrag.txt,Medium
ec8.txt,Easy
gregorytours1.txt,Hard
orationes.txt,Medium
sen.qn4.txt,Medium
liv.per93.txt,Easy
rhetores.txt,Easy
pascoli.catull.txt,Medium
innocent2.txt,Medium
rudens.txt,Hard
theod08.txt,Hard
serm8.txt,Medium
aen4.txt,Medium
2 (4).txt,Medium
gioacchino.txt,Hard
epidicus.txt,Medium
theb10.txt,Medium
tac.ann13.txt,Hard
psalms.txt,Hard
fam16.txt,Medium
marina.txt,Easy
garcilaso.txt,Easy
hist12.txt,Medium
silius9.txt,Medium
serm92.txt,Easy
20 (2).txt,Easy
mir7.txt,Easy
claudian.olyb.txt,Medium
titum.txt,Easy
corvinus2.txt,Easy
pulchracomis.txt,Easy
liv.per71.txt,Easy
varro.ll10.txt,Medium
manilius3.txt,Medium
catechizandis.txt,Hard
codex2.txt,Hard
epistvaria.txt,Hard
lucretius1.txt,Medium
vegetius3.txt,Medium
bacon.praefatio2.txt,Easy
pliny.ep10.txt,Hard
liv.per142.txt,Easy
tusc2.txt,Hard
apuleius.cupid.txt,Hard
tertullian.resurrectione.txt,Hard
iulianus2.txt,Medium
biggs.txt,Medium
liv.per72.txt,Easy
apicius1.txt,Easy
prud9.txt,Easy
8 (2).txt,Medium
varia2.txt,Hard
superbia.txt,Easy
liv.31.txt,Hard
ovid.her14.txt,Easy
fronto.txt,Hard
apicius3.txt,Easy
aqua2.txt,Medium
petrarch.numa.txt,Easy
cat3.txt,Medium
q1.55.txt,Easy
14 (4).txt,Hard
columba1.txt,Medium
digest36.txt,Medium
tertullian.pallio.txt,Medium
nepos.tim.txt,Easy
digest29.txt,Medium
ovid.her15.txt,Medium
15.txt,Hard
halley.txt,Easy
2 (2).txt,Easy
9 (3).txt,Hard
trin13.txt,Medium
liv.per48.txt,Easy
curtius6.txt,Hard
thomasedessa.txt,Hard
sen.proverbs.txt,Medium
anon.martyrio.txt,Medium
liv.per86.txt,Easy
7 (3).txt,Hard
theod10.txt,Medium
sidonius7.txt,Hard
12tables.txt,Easy
18 (3).txt,Hard
5.txt,Medium
campion.epigr1.txt,Hard
scauro.txt,Medium
gwinne1.txt,Hard
q1.38.txt,Easy
bede5.txt,Hard
conf13.txt,Medium
q1.70.txt,Easy
timothy1.txt,Easy
nepos.dat.txt,Medium
arbroath.txt,Easy
fredegarius.txt,Hard
gestafrancorum3.txt,Easy
marcellinus2.txt,Medium
solinus2.txt,Hard
5 (1).txt,Medium
q1.54.txt,Easy
columella.rr5.txt,Medium
ovid.met6.txt,Medium
esdras2.txt,Hard
aen1.txt,Medium
institutes1.txt,Medium
prud10.txt,Medium
histrom7.txt,Medium
septem.txt,Easy
gregdecretals4.txt,Hard
6.txt,Hard
gaud.txt,Easy
23 (1).txt,Easy
19 (1).txt,Medium
liv.per54.txt,Easy
orator.txt,Hard
liv.per32.txt,Easy
seneca.contr1.txt,Hard
gaius3.txt,Medium
att5.txt,Medium
phil6.txt,Medium
prop3.txt,Hard
cato.agri.txt,Medium
oratore1.txt,Hard
mostellaria.txt,Hard
withof6.txt,Medium
q1.20.txt,Easy
bacon.hist6.txt,Medium
silius7.txt,Medium
des.pr.txt,Easy
18 (2).txt,Medium
prosperus.epistola.txt,Medium
gellius7.txt,Medium
aen10.txt,Medium
albertanus.sermo.txt,Medium
solinus4.txt,Hard
liv.per27.txt,Easy
pascoli.veianius.txt,Easy
epistola (1).txt,Easy
liv.per10.txt,Easy
q1.19.txt,Medium
liv.10.txt,Hard
bacon.liber2.txt,Hard
sen.qn1.txt,Medium
att13.txt,Hard
fam11.txt,Medium
gregdecretals1.txt,Hard
walton.txt,Medium
liv.per28.txt,Easy
ter.eunuchus.txt,Hard
curtius8.txt,Hard
iordanes2.txt,Hard
silvae2.txt,Hard
quintilian.institutio7.txt,Hard
caecina.txt,Medium
codex1.txt,Hard
may4.txt,Medium
liv.per109.txt,Easy
car.txt,Medium
digest7.txt,Medium
phil14.txt,Medium
arch.txt,Medium
paris.txt,Easy
repub1.txt,Hard
30.txt,Hard
commodianus1.txt,Medium
hyginus6.txt,Easy
11.txt,Medium
senectute.txt,Hard
solinus1a.txt,Hard
sepsev.txt,Medium
q1.87.txt,Easy
14 (3).txt,Medium
sabinus3.txt,Easy
24.txt,Medium
liv.per114.txt,Easy
ovid.fasti1.txt,Hard
histrom12.txt,Medium
serm10.txt,Medium
tertullian.praxean.txt,Medium
ira.txt,Medium
liv.per92.txt,Easy
corpuschristi.txt,Easy
pervig.txt,Easy
12 (2).txt,Easy
liv.per111.txt,Easy
gellius8.txt,Easy
liberpontificalis1.txt,Medium
10.txt,Hard
36.txt,Easy
conf8.txt,Hard
hyginus4.txt,Medium
manilius1.txt,Medium
liv.38.txt,Hard
spinoza.ethica1.txt,Medium
kempis3.txt,Hard
6 (1).txt,Medium
liv.per95.txt,Easy
solet.txt,Easy
rimbaud.txt,Easy
silius15.txt,Medium
tertullian.iudaeos.txt,Hard
liv.per25.txt,Easy
q1.12.txt,Medium
11 (1).txt,Medium
prov.txt,Medium
malaterra3.txt,Hard
quintilian.decl.mai2.txt,Medium
planctus.txt,Easy
q1.45.txt,Easy
marbodus.txt,Medium
codex11.txt,Hard
15 (3).txt,Medium
pomponius1.txt,Medium
versus.txt,Easy
exodus.txt,Hard
postreditum.txt,Medium
att11.txt,Medium
burnett.txt,Easy
verres.2.1.txt,Hard
silvae3.txt,Hard
seneca.ep1.txt,Hard
tertullian.corona.txt,Medium
vida.txt,Medium
theb3.txt,Medium
gellius2.txt,Hard
bacon.hist10.txt,Medium
poree.txt,Hard
codex3.txt,Hard
magnacarta.txt,Medium
q1.82.txt,Easy
james.txt,Medium
histbrit.txt,Hard
divinatione1.txt,Hard
prud14.txt,Easy
fin5.txt,Hard
fletcher.txt,Medium
lucan10.txt,Medium
gaius4.txt,Medium
valmax8.txt,Hard
liv.per3.txt,Easy
dares1.txt,Medium
q1.31.txt,Easy
phaedrapp.txt,Medium
ovid.ponto1.txt,Medium
lucretius6.txt,Medium
theod13.txt,Medium
fran.txt,Easy
didiul.txt,Medium
bultelius2.txt,Medium
digest1.txt,Hard
tusc5.txt,Hard
withof1.txt,Easy
leg2.txt,Hard
varro.ll9.txt,Medium
prataiam.txt,Easy
vidularia.txt,Easy
vitruvius8.txt,Medium
q1.17.txt,Easy
victor.caes.txt,Hard
ec3.txt,Easy
archpoet.txt,Hard
q1.25.txt,Easy
theb11.txt,Medium
hist6.txt,Hard
solinus1.txt,Hard
exivi.txt,Medium
joshua.txt,Medium
nemesianus2.txt,Easy
tac.ann15.txt,Hard
preface.txt,Easy
eutropius5.txt,Easy
angilbert.txt,Easy
contraioannem.txt,Hard
ovid.her1.txt,Easy
apuleius.apol.txt,Hard
benedict.txt,Hard
q1.35.txt,Easy
liv.per21.txt,Easy
quintilian.decl.mai10.txt,Medium
digest33.txt,Hard
conflictus.txt,Easy
sidonius1.txt,Hard
ovid.her20.txt,Medium
ovid.met8.txt,Hard
topica.txt,Medium
mart1.txt,Hard
q1.4.txt,Easy
columella.rr11.txt,Medium
campion.plot2.txt,Medium
suet.galba.txt,Medium
nepos.iph.txt,Easy
liv.per112.txt,Easy
volovirum.txt,Easy
civ13.txt,Medium
catullus.txt,Hard
liv.per96.txt,Easy
nepos.phoc.txt,Easy
ter.andria.txt,Hard
q1.65.txt,Easy
ovid.met7.txt,Hard
scbaccanalibus.txt,Easy
q1.67.txt,Easy
eutropius8.txt,Medium
carm1.txt,Medium
liv.per122.txt,Easy
liv.per120.txt,Easy
cael.txt,Hard
tac.ann3.txt,Hard
theod12.txt,Hard
tac.ann1.txt,Hard
victor.origio.txt,Medium
trin5.txt,Medium
ovid.her3.txt,Medium
phil13.txt,Hard
theod01.txt,Medium
capitula.txt,Medium
rhetorica.txt,Hard
verres.2.3.txt,Hard
ec1 (1).txt,Easy
ovid.her12.txt,Medium
suet.tibullus.txt,Easy
liv.per17.txt,Easy
civ5.txt,Hard
ezekiel.txt,Hard
trin3.txt,Medium
iul.txt,Easy
ovid.her9.txt,Easy
sedulius1.txt,Medium
phil4.txt,Medium
gellius11.txt,Medium
prud13.txt,Easy
aen7.txt,Medium
repub2.txt,Hard
jfkhonor.txt,Easy
liv.per34.txt,Easy
eutropius9.txt,Medium
gellius3.txt,Medium
kalila.txt,Hard
seneca.ep4.txt,Hard
valeriusflaccus3.txt,Medium
quintilian.decl.mai16.txt,Medium
22 (2).txt,Hard
haggai.txt,Easy
ovid.her8.txt,Easy
piccolomini.ep6.txt,Easy
gall4.txt,Medium
mart4.txt,Medium
civ2.txt,Hard
prop2.txt,Hard
probus.txt,Medium
sen.ira1.txt,Medium
ovid.met5.txt,Medium
ovid.rem.txt,Hard
tunger.txt,Hard
fato.txt,Medium
23.txt,Hard
pascoli.laur.txt,Easy
eutropius1.txt,Medium
liv.44.txt,Hard
institutes3.txt,Medium
adbrutum1.txt,Hard
arnulf.txt,Easy
sidonius2.txt,Hard
seneca.fragmenta.txt,Easy
paulinus.ausonium.txt,Easy
vitacaroli.txt,Hard
bacon.hist3.txt,Medium
lucan9.txt,Medium
poggio.txt,Hard
seneca.contr5.txt,Medium
hist7.txt,Hard
petronius1.txt,Hard
quintilian.decl.mai7.txt,Medium
pliny.nh5.txt,Medium
carmsaec.txt,Easy
ovid.met1.txt,Medium
bedecontinuatio.txt,Easy
q1.36.txt,Easy
liv.per91.txt,Easy
serm72.txt,Easy
q1.74.txt,Easy
liv.per132.txt,Easy
liv.per42.txt,Easy
13 (3).txt,Hard
q1.26.txt,Easy
psplato.halcyon.txt,Easy
strat3.txt,Medium
liv.per51.txt,Easy
partitione.txt,Medium
valmax6.txt,Hard
ter.hecyra.txt,Hard
tac.ann6.txt,Hard
gestafrancorum10.txt,Medium
fonteio.txt,Medium
tac.hist3.txt,Hard
sall.macer.txt,Easy
pliny.ep2.txt,Hard
42.txt,Easy
quadragesima1.txt,Easy
owen.txt,Easy
legagr1.txt,Medium
deuteronomy.txt,Hard
liv.per139.txt,Easy
17.txt,Hard
4 (1).txt,Easy
repub3.txt,Medium
bede2.txt,Hard
aqua1.txt,Medium
menaechmi.txt,Hard
germanicus.txt,Medium
theb12.txt,Medium
suet.vesp.txt,Medium
valmax1.txt,Hard
liv.per26.txt,Easy
prud12.txt,Easy
hist4.txt,Hard
serm90.txt,Medium
bc2.txt,Medium
valmax3.txt,Hard
mart13.txt,Medium
fulgentius2.txt,Medium
q1.47.txt,Easy
manilius2.txt,Medium
geta.txt,Easy
gelliuspraef.txt,Easy
serm80.txt,Medium
iordanes1.txt,Hard
liv.per102.txt,Easy
walter9.txt,Easy
quintilian.decl.mai9.txt,Medium
andecavis.txt,Easy
ambro.txt,Easy
apuleius.florida.txt,Hard
gellius4.txt,Medium
psplato.sisyphus.txt,Easy
verus.txt,Medium
digest6.txt,Medium
mark.txt,Medium
bill.rights.txt,Easy
10 (2).txt,Medium
potatores.txt,Easy
declaratio.txt,Easy
mirabilia.txt,Medium
strat2.txt,Medium
liv.per38.txt,Easy
fulgentius5.txt,Medium
seneca.ep17-18.txt,Hard
liv.per55.txt,Easy
theod04.txt,Medium
liv.1.txt,Hard
octavia.txt,Medium
asconius.txt,Hard
ovid.tristia4.txt,Hard
godfrey.epigrammata.txt,Hard
lucretius2.txt,Medium
liv.per134.txt,Easy
andronicus.txt,Easy
arspoet.txt,Medium
sphaer.txt,Easy
mart12.txt,Hard
professio.txt,Easy
liv.27.txt,Hard
silius2.txt,Medium
apuleius9.txt,Hard
theod07.txt,Hard
curtius7.txt,Hard
conf7.txt,Medium
civ6.txt,Medium
andreasbergoma.txt,Medium
manilius4.txt,Hard
domo.txt,Hard
amphitruo.txt,Hard
q1.3.txt,Easy
bacon.hist5.txt,Medium
6 (2).txt,Medium
q1.81.txt,Easy
liv.per2.txt,Easy
bc3.txt,Hard
prud5.txt,Medium
liv.per16.txt,Easy
varia5.txt,Hard
greg.txt,Easy
sex.rosc.txt,Hard
liv.3.txt,Hard
columella.rr8.txt,Medium
conf6.txt,Medium
nepos.timo.txt,Easy
valeriusflaccus2.txt,Medium
33.txt,Easy
nepos.epam.txt,Medium
may2.txt,Medium
sen.qn5.txt,Medium
agnes.txt,Medium
conf.txt,Hard
8 (3).txt,Hard
tertullian.idololatria.txt,Medium
prud.psycho.txt,Medium
apuleius7.txt,Medium
sen.medea.txt,Medium
albertanus2.txt,Hard
12.txt,Hard
serm88.txt,Medium
civ16.txt,Hard
verres.2.5.txt,Hard
ovid.her18.txt,Medium
curtius10.txt,Hard
theod02.txt,Hard
asserius.txt,Hard
chronicles1.txt,Medium
silius10.txt,Medium
civ11.txt,Medium
vitamalchus.txt,Medium
fam8.txt,Medium
conf10.txt,Hard
luscinia.txt,Easy
ebulo.txt,Hard
silvae5.txt,Hard
seneca.ep22.txt,Easy
john2.txt,Easy
serm83.txt,Easy
liv.per44.txt,Easy
carm4.txt,Medium
propos.txt,Easy
tertullian.nationes2.txt,Medium
resurr.txt,Easy
trin11.txt,Medium
inventione2.txt,Hard
1 (2).txt,Medium
junillus.txt,Medium
hist10.txt,Medium
grattius.txt,Medium
marc.txt,Medium
institutes.proem.txt,Easy
nepos.pr.txt,Easy
des.med2.txt,Easy
quintilian.decl.mai19.txt,Medium
oratio.stephani.txt,Easy
venantius.txt,Easy
liv.per41.txt,Easy
geo4.txt,Medium
formula.txt,Medium
appverg.ciris.txt,Medium
suet.caesar.txt,Hard
bc1.txt,Hard
acad.txt,Medium
civ22.txt,Hard
gestafrancorum7.txt,Easy
liv.per75.txt,Easy
conf4.txt,Medium
foedusaeternum.txt,Easy
suet.virgil.txt,Medium
des.med3.txt,Easy
liv.28.txt,Hard
14 (1).txt,Medium
sall.ep1.txt,Medium
victor.caes2.txt,Hard
liv.per18.txt,Easy
18 (1).txt,Medium
deio.txt,Medium
avienus.periegesis.txt,Medium
tac.dialogus.txt,Hard
nepos.alc.txt,Medium
notitia1.txt,Easy
digest12.txt,Medium
micah.txt,Medium
liv.per6.txt,Easy
legenda.stephani.txt,Medium
romans.txt,Medium
tertullian.martyres.txt,Medium
pseudolus.txt,Hard
patricius1.txt,Easy
sen.ira2.txt,Hard
calpurniusflaccus.txt,Hard
22.txt,Hard
may7.txt,Medium
oratore2.txt,Hard
bacon.hist2.txt,Medium
job.txt,Hard
walter4.txt,Easy
liv.per15.txt,Easy
liv.per30.txt,Easy
liv.per89.txt,Easy
piccolomini.ep5.txt,Medium
histrom10.txt,Easy
sulpiciusseveruschron1.txt,Hard
prologi (1).txt,Easy
malaterra1.txt,Medium
27 (1).txt,Easy
tertullian.propheta.txt,Easy
digest23.txt,Medium
q1.18.txt,Easy
epist (2).txt,Easy
reposianus.txt,Easy
nemesianus3.txt,Easy
varia10.txt,Hard
flacco.txt,Hard
landor.1858.txt,Medium
gellius13.txt,Hard
q1.21.txt,Easy
sannazaro1.txt,Hard
liv.per1.txt,Easy
digest18.txt,Medium
32.txt,Easy
ovid.fasti5.txt,Hard
suet.otho.txt,Medium
varro.ll7.txt,Medium
nobilis.txt,Easy
iabervocius.txt,Easy
appvergculex.txt,Medium
seneca.ep5.txt,Hard
pesc.txt,Medium
ovid.met12.txt,Medium
tertullian.virginibus.txt,Medium
mir1.txt,Easy
esther.txt,Medium
q1.71.txt,Easy
sen.consolatione1.txt,Hard
alfonsi.disciplina.txt,Hard
hugo1.txt,Medium
jude.txt,Easy
silius8.txt,Medium
seneca.ep10.txt,Medium
nepos.paus.txt,Easy
mir8.txt,Easy
varia8.txt,Hard
pliny.nhpr.txt,Medium
histrom3.txt,Medium
digest16.txt,Medium
quintilian.decl.mai5.txt,Medium
10 (1).txt,Easy
liv.per73.txt,Easy
liv.7.txt,Hard
pascoli.sen.txt,Easy
iamdulcis.txt,Easy
tertullian.valentinianos.txt,Medium
13 (2).txt,Medium
digest21.txt,Medium
liv.per85.txt,Easy
apicius2.txt,Easy
lamentations.txt,Medium
vegetius4.txt,Medium
codex7.txt,Hard
ovid.her17.txt,Medium
frodebertus.txt,Easy
tac.ann5.txt,Easy
cistellaria.txt,Medium
piccolomini.ep2.txt,Easy
donation.txt,Medium
liv.per74.txt,Easy
sall.mithr.txt,Easy
bacon.intro.txt,Easy
seneca.contr3.txt,Medium
tertullian.gentium.txt,Easy
mir5.txt,Easy
gestarom.txt,Hard
avianus.txt,Medium
maytitle.txt,Easy
luke.txt,Hard
origo.txt,Easy
ecclesiastes.txt,Medium
pomponius2.txt,Medium
sen.thyestes.txt,Medium
isaiah.txt,Hard
histrom16.txt,Easy
q1.7.txt,Easy
nd2.txt,Hard
serm87.txt,Medium
aurel.txt,Hard
rutilius.txt,Hard
anast.txt,Easy
mir6.txt,Easy
civ20.txt,Hard
bacon.hist1.txt,Medium
liv.per128.txt,Easy
14.txt,Hard
quintilian.decl.mai1.txt,Medium
hist5.txt,Hard
codex5.txt,Hard
liv.per108.txt,Easy
anselmepistula.txt,Easy
liv.24.txt,Hard
serm99.txt,Easy
liv.per7.txt,Easy
digest17.txt,Medium
34.txt,Easy
mart5.txt,Medium
sall.ep2.txt,Medium
q1.1.txt,Medium
leo2.txt,Medium
sabinus2.txt,Easy
dumdiane.txt,Easy
spinoza.ethica4.txt,Medium
serm11.txt,Easy
sen.qn2.txt,Medium
ben2.txt,Medium
forsett1.txt,Medium
ovid.fasti4.txt,Hard
ep.txt,Hard
psplato.amatores.txt,Medium
apuleius6.txt,Medium
capellanus1.txt,Hard
tertullian.uxor1.txt,Medium
historia (1).txt,Medium
divinatione2.txt,Hard
seneca.ep7.txt,Hard
suet.terence.txt,Easy
prud4.txt,Easy
q1.63.txt,Medium
ovid.her13.txt,Medium
liv.per78.txt,Easy
achilleid2.txt,Easy
marullo.txt,Easy
rumor.txt,Easy
trin14.txt,Medium
anima.txt,Hard
q1.61.txt,Easy
georgio.txt,Easy
39.txt,Easy
pliny.nh4.txt,Medium
q1.33.txt,Easy
sestio.txt,Hard
gellius5.txt,Medium
leg3.txt,Medium
epitomecononiana.txt,Easy
serm13.txt,Easy
bacon.hist8.txt,Medium
hugo5.txt,Medium
liv.per14.txt,Easy
machinae.txt,Easy
lucan4.txt,Medium
3 (4).txt,Medium
varro.frag.txt,Easy
axio.txt,Medium
walter8.txt,Easy
corvinus1.txt,Easy
judges.txt,Hard
varia11.txt,Hard
codex12.txt,Hard
serm2.txt,Easy
att4.txt,Hard
vicentius.txt,Hard
tusc3.txt,Hard
quintilian.decl.mai15.txt,Medium
liv.per23.txt,Easy
piccolomini.ep1.txt,Easy
tobia.txt,Medium
rabirio.txt,Medium
tertullian.uxor2.txt,Medium
piccolomini.ep3.txt,Medium
theb4.txt,Medium
waltarius2.txt,Medium
silius1.txt,Medium
caeciliusbalbus.txt,Hard
att3.txt,Medium
apuleius8.txt,Medium
ovid.met14.txt,Hard
blesensis.txt,Medium
henry2.txt,Easy
pax.txt,Easy
quintilian.decl.mai18.txt,Medium
gestafrancorum2.txt,Easy
alanus2.txt,Hard
liv.per80.txt,Easy
suet.dom.txt,Medium
qualitate.txt,Easy
gellius6.txt,Hard
theod05.txt,Medium
prosperus.rufinum.txt,Medium
fratrem1.txt,Hard
kings2.txt,Medium
gestafrancorum8.txt,Easy
ec9.txt,Easy
carm3.txt,Medium
bacon.hist11.txt,Medium
orosius2.txt,Hard
sirach.txt,Hard
paulo.txt,Easy
silius3.txt,Medium
liv.36.txt,Hard
gregorytours9.txt,Hard
gall5.txt,Medium
liv.per59.txt,Easy
ovid.ibis.txt,Medium
liv.per113.txt,Easy
resgestae1.txt,Medium
gwinne5.1.txt,Medium
theb8.txt,Medium
theb7.txt,Medium
ovid.artis2.txt,Hard
galatians.txt,Easy
hugo6.txt,Medium
theod15.txt,Medium
passerat.txt,Easy
digest3.txt,Medium
liv.21.txt,Hard
q1.22.txt,Easy
expositio.txt,Medium
ennodius.txt,Medium
mon2.txt,Medium
conf5.txt,Medium
apuleius10.txt,Hard
chronicles2.txt,Hard
aen11.txt,Medium
caecilium.txt,Medium
liv.35.txt,Hard
19.txt,Hard
suscipeflos.txt,Easy
vegetius2.txt,Medium
hisp.txt,Medium
richerus3.txt,Hard
sall.1.txt,Hard
catalogueliberien.txt,Easy
20 (1).txt,Medium
psplato.eryxias.txt,Medium
bacon.titlepage.txt,Easy
sen.consolatione3.txt,Hard
liv.per62.txt,Easy
epistaustras.txt,Medium
sen.phaedra.txt,Hard
quintilian.institutio10.txt,Hard
serm82.txt,Medium
gwinne2.txt,Medium
histrom8.txt,Medium
newton.capita.txt,Easy
mart3.txt,Medium
seneca.ep2.txt,Hard
fam5.txt,Hard
psplato.minos.txt,Medium
q1.15.txt,Easy
liv.per118.txt,Easy
henry1.txt,Medium
curtius4.txt,Hard
theodolus.txt,Medium
gwinne3.txt,Medium
histrom13.txt,Easy
bedepraef.txt,Easy
suet.pliny.txt,Easy
hydatiuschronicon.txt,Medium
epist1.txt,Hard
digest38.txt,Hard
theod03.txt,Medium
mir3.txt,Easy
matthew.txt,Hard
marc (1).txt,Easy
liv.per116.txt,Easy
nepos.dion.txt,Medium
repellenda.txt,Easy
serm74.txt,Easy
verres.2.4.txt,Hard
hugo3.txt,Medium
nahum.txt,Easy
ben1.txt,Medium
apuleius3.txt,Medium
pliny.ep1.txt,Hard
fulbert.txt,Easy
liv.per46.txt,Easy
17 (3).txt,Hard
lig.txt,Medium
landor1795.txt,Medium
hist5 (1).txt,Medium
seneca.suasoriae.txt,Hard
12 (3).txt,Hard
syrus.txt,Hard
digest50.txt,Hard
varia12.txt,Hard
tertullian.testimonia.txt,Medium
apuleius.dog1.txt,Medium
thesauro.txt,Medium
letabundus.txt,Easy
piccolomini.turcos.txt,Medium
pliny.ep7.txt,Hard
sigebert.vitabrevior.txt,Easy
apicius4.txt,Easy
nepos.thras.txt,Easy
wmconchesdogma.txt,Hard
valmax2.txt,Hard
suet.nero.txt,Hard
ovid.met13.txt,Hard
liv.5.txt,Hard
16 (1).txt,Medium
exhortatio.txt,Easy
fam9.txt,Hard
divinst1.txt,Hard
marcellinus1.txt,Medium
imp.txt,Medium
claudian.ruf1.txt,Medium
pliny.panegyricus.txt,Hard
liv.34.txt,Hard
liv.per103.txt,Easy
serm1.txt,Easy
gregorytours8.txt,Hard
priapea.txt,Medium
digest49.txt,Hard
dulcesolum.txt,Easy
30 (2).txt,Hard
minucius.txt,Hard
liv.per123.txt,Easy
ovid.amor1.txt,Hard
valesianus2.txt,Medium
prud1.txt,Easy
q1.80.txt,Easy
gaius1.txt,Medium
2.txt,Hard
diesirae.txt,Easy
hyginus3.txt,Easy
hebet.txt,Easy
nepos.ham.txt,Easy
varia3.txt,Hard
16 (3).txt,Easy
histrom14.txt,Medium
luc.txt,Easy
gregorytours4.txt,Hard
bacon.hist4.txt,Medium
demort.txt,Hard
q1.48.txt,Easy
nd3.txt,Hard
ec6.txt,Easy
nepos.cat.txt,Easy
codex6.txt,Hard
29.txt,Hard
histrom1.txt,Medium
liv.per43.txt,Easy
appvergcomp.txt,Hard
nepos.mil.txt,Medium
gauss.txt,Medium
egeria1.txt,Medium
liv.per53.txt,Easy
curtius5.txt,Hard
liv.29.txt,Hard
gall7.txt,Hard
inquisitio.txt,Easy
histrom11.txt,Easy
mysteriis.txt,Medium
quintilian.decl.mai14.txt,Medium
vitruvius3.txt,Medium
liv.per104.txt,Easy
9 (1).txt,Medium
suet.tib.txt,Hard
oratio.txt,Hard
garland.txt,Medium
seneca.contr7.txt,Hard
vitruvius4.txt,Medium
nepos.con.txt,Easy
fam15.txt,Hard
tertullian.patientia.txt,Medium
raoul.txt,Hard
16 (4).txt,Hard
liv.per127.txt,Easy
digest48.txt,Hard
cato.dis.txt,Medium
q1.44.txt,Easy
ovid.her2.txt,Easy
liv.per117.txt,Easy
fulgentius3.txt,Medium
q1.10.txt,Easy
prud2.txt,Medium
3.txt,Medium
serm2 (1).txt,Hard
hannes.txt,Easy
coll.txt,Easy
scottus.txt,Easy
commodianus3.txt,Easy
liv.26.txt,Hard
fam3.txt,Medium
liv.per65.txt,Easy
liv.per110.txt,Easy
19 (2).txt,Easy
eutropius7.txt,Medium
may1.txt,Medium
bacon.hist7.txt,Hard
liv.per31.txt,Easy
bernardcluny1.txt,Hard
hugo2.txt,Medium
tevigilans.txt,Easy
3 (2).txt,Medium
leg1.txt,Medium
liv.22.txt,Hard
sen.vita.txt,Medium
newton.scholium.txt,Easy
sen.tranq.txt,Hard
campion.umbra.txt,Medium
balbus.txt,Easy
curculio.txt,Medium
trin4.txt,Medium
digest24.txt,Medium
rosccom.txt,Medium
gregorytours5.txt,Hard
37.txt,Easy
sen.brevita.txt,Hard
fam4.txt,Hard
liv.4.txt,Hard
liv.25.txt,Hard
thom.txt,Medium
sententiae2.txt,Hard
q1.11.txt,Easy
columella.rr7.txt,Medium
musavenit.txt,Easy
curtius3.txt,Hard
quintilian.institutio4.txt,Hard
hugo4.txt,Medium
kempis4.txt,Medium
nithardus3.txt,Medium
genesis.txt,Hard
q1.73.txt,Easy
zonaras.txt,Hard
gestafrancorum4.txt,Easy
serm14.txt,Easy
anon.deramis.txt,Easy
diravi.txt,Easy
malachias.txt,Easy
thessalonians2.txt,Easy
ovid.met11.txt,Hard
civ4.txt,Hard
concilium2.txt,Easy
conf9.txt,Hard
gwinne4.txt,Hard
amos.txt,Easy
ver1.txt,Medium
q1.5.txt,Easy
liv.per57.txt,Easy
digest2.txt,Hard
valeriusflaccus7.txt,Medium
hist11.txt,Medium
claudian.cons6.txt,Medium
adso.txt,Easy
bacon.hist9.txt,Medium
tertullian.marcionem1.txt,Medium
silius11.txt,Medium
ec2.txt,Easy
albertanus1.txt,Medium
valmax5.txt,Hard
tertullian.deiudicio.txt,Medium
liv.41.txt,Medium
ovid.fasti6.txt,Hard
theb2.txt,Medium
aen6.txt,Hard
lucretius3.txt,Hard
hist8.txt,Medium
digest32.txt,Medium
fam6.txt,Hard
q1.53.txt,Easy
serm71.txt,Medium
piccolomini.carmen.txt,Easy
liv.per138.txt,Easy
histrom2.txt,Medium
sen.phoen.txt,Medium
liv.per77.txt,Easy
sigebert.script.txt,Medium
resgestae.txt,Medium
serm75.txt,Easy
campion.epigr2.txt,Hard
hyginus1.txt,Easy
falcone.txt,Hard
serm9.txt,Medium
sidonius3.txt,Medium
oratore3.txt,Hard
valmax4.txt,Hard
serm78.txt,Easy
phil10.txt,Medium
serm73.txt,Easy
ein.txt,Hard
alexio.txt,Easy
q1.9.txt,Easy
psplato.virtu.txt,Easy
nepos.age.txt,Medium
des.ep.txt,Easy
sen.constantia.txt,Medium
quintilian.decl.mai11.txt,Medium
sidonius4.txt,Hard
hist6 (1).txt,Medium
richerus4.txt,Hard
eugippius.txt,Hard
ovid.her21.txt,Medium
creeds.txt,Easy
colossians.txt,Easy
bultelius1.txt,Easy
digest26.txt,Medium
digest47.txt,Hard
judith.txt,Medium
liv.per20.txt,Easy
rabiriopost.txt,Medium
nepos.them.txt,Medium
serm15.txt,Easy
habakkuk.txt,Easy
liv.45.txt,Hard
vegetius1.txt,Medium
albertanus3.txt,Hard
tertullian.monog.txt,Medium
tertullian.nationes1.txt,Hard
aen8.txt,Medium
walter11.txt,Easy
tac.hist5.txt,Medium
repub5.txt,Easy
tertullian.castitatis.txt,Medium
asinaria.txt,Hard
claudian.proserp1.txt,Medium
bacchides.txt,Hard
suet.horace.txt,Easy
tertullian.pudicitia.txt,Hard
liv.pr.txt,Easy
columella.rr12.txt,Hard
nepos.cha.txt,Easy
lucan8.txt,Medium
debury.txt,Hard
lhomond.historiae.txt,Medium
phil7.txt,Medium
esdras1.txt,Medium
ovid.ponto3.txt,Medium
stichus.txt,Medium
15 (2).txt,Easy
godfrey.epigrammatahist.txt,Medium
geo2.txt,Medium
gestafrancorum6.txt,Easy
tertullian.marcionem4.txt,Hard
phaedr4.txt,Medium
praelium.txt,Easy
ampelius.txt,Medium
tertullian.marcionem3.txt,Medium
ter.heauton.txt,Hard
eutropius3.txt,Easy
colman.txt,Easy
varro.ll8.txt,Medium
orosius7.txt,Hard
trin15.txt,Medium
nepos.aris.txt,Easy
digest4.txt,Hard
tertullian.scapulam.txt,Easy
prud8.txt,Easy
balde1.txt,Easy
firmus.txt,Medium
liv.per101.txt,Easy
ec4.txt,Easy
philip.txt,Easy
clitophon.txt,Easy
q1.58.txt,Easy
liv.per8.txt,Easy
censorinus.txt,Hard
tertullian.adsenatorem.txt,Easy
liv.per84.txt,Easy
liv.2.txt,Hard
18.txt,Medium
31.txt,Hard
apuleius1.txt,Medium
28 (1).txt,Easy
q1.86.txt,Easy
ovid.met2.txt,Hard
11 (2).txt,Medium
annalesvedastini.txt,Medium
ficino.txt,Medium
perp.txt,Medium
tac.ann16.txt,Medium
3 (3).txt,Hard
nemesianus4.txt,Easy
albertanus.sermo3.txt,Medium
kings1.txt,Medium
hist2.txt,Hard
trin7.txt,Medium
gestafrancorum9.txt,Medium
walter10.txt,Easy
mart11.txt,Hard
tertullian.baptismo.txt,Medium
theb9.txt,Medium
zacharias.txt,Medium
25 (1).txt,Easy
silius14.txt,Medium
nic.txt,Medium
seneca.contr6.txt,Medium
wisdom.txt,Medium
epitaphs.txt,Medium
q1.27.txt,Easy
nepos.lys.txt,Easy
ferraria.txt,Medium
prec.terr.txt,Easy
walter7.txt,Easy
luther.praef.txt,Medium
q1.43.txt,Easy
dialogus.txt,Hard
digest10.txt,Medium
2 (1).txt,Medium
thessalonians1.txt,Easy
phil9.txt,Medium
phil1.txt,Medium
sulpicia.txt,Easy
pliny.ep9.txt,Hard
liv.per37.txt,Easy
tac.hist1.txt,Hard
theod14.txt,Medium
vitruvius1.txt,Medium
histrom9.txt,Medium
ovid.fasti3.txt,Hard
tertullian.marcionem5.txt,Hard
tertullian.marcionem2.txt,Hard
praefatio.txt,Easy
codex10.txt,Hard
5 (2).txt,Easy
suet.aug.txt,Hard
liv.per94.txt,Easy
43.txt,Medium
3 (1).txt,Medium
john1.txt,Easy
hydatiusfasti.txt,Easy
liv.9.txt,Hard
vitruvius7.txt,Medium
fam13.txt,Medium
sen.oedipus.txt,Medium
liv.per141.txt,Easy
serm20.txt,Easy
q1.46.txt,Easy
mon3.txt,Medium
ovid.her4.txt,Easy
liv.per140.txt,Easy
30 (1).txt,Easy
liv.per29.txt,Easy
sententiae3.txt,Hard
q1.83.txt,Easy
serm77.txt,Medium
silius4.txt,Medium
liv.per69.txt,Easy
paradoxa.txt,Medium
columella.rr3.txt,Hard
xanten.txt,Medium
q1.68.txt,Easy
q1.56.txt,Easy
quintilian.institutio2.txt,Hard
ipsavivere.txt,Easy
macarius1.txt,Medium
institutes2.txt,Medium
piso.txt,Hard
liv.per98.txt,Easy
digest46.txt,Medium
digest13.txt,Medium
1644.txt,Medium
liv.per99.txt,Easy
may6.txt,Medium
26 (1).txt,Easy
carm.bur.txt,Easy
songofsongs.txt,Easy
pascoli.iug.txt,Easy
digest44.txt,Medium
claudian.proserp3.txt,Medium
silius17.txt,Medium
ant.txt,Medium
liv.per126.txt,Easy
serm4.txt,Medium
henry3.txt,Easy
liv.per67.txt,Easy
liv.per22.txt,Easy
querela.txt,Hard
quintilian.institutio1.txt,Hard
gellius10.txt,Hard
lucan7.txt,Medium
columella.rr9.txt,Medium
hrabanus.txt,Easy
legagr3.txt,Easy
dumestas.txt,Easy
novatian.txt,Hard
q1.28.txt,Easy
seneca.contr4.txt,Medium
regula.txt,Medium
valeriusflaccus8.txt,Medium
sen.otio.txt,Medium
hadr.txt,Medium
columella.arbor.txt,Medium
alexsev.txt,Easy
liv.per9.txt,Easy
ente.txt,Easy
sall.invectiva.txt,Easy
bernardcluny2.txt,Hard
20.txt,Hard
q1.49.txt,Easy
cat4.txt,Medium
notitia2.txt,Easy
samuel1.txt,Medium
12 (1).txt,Medium
mart7.txt,Medium
25.txt,Hard
waltarius3.txt,Medium
eutropius2.txt,Medium
theod06.txt,Hard
nd1.txt,Hard
quintilian.decl.mai4.txt,Medium
campion.thamesin.txt,Medium
silius13.txt,Medium
kempis2.txt,Medium
montanus.txt,Easy
vegius.txt,Medium
apuleius.dog2.txt,Medium
serm5.txt,Medium
bacon.sermones.txt,Hard
epistula.txt,Easy
bede4.txt,Hard
theophanes.txt,Easy
4 (2).txt,Easy
quintilian.institutio11.txt,Hard
helio.txt,Medium
liv.per130.txt,Easy
liv.per124.txt,Easy
leo1.txt,Medium
tempusest.txt,Easy
nepos.cim.txt,Easy
ovid.amor3.txt,Hard
tertullian.carne.txt,Medium
aelii.txt,Medium
corinthians2.txt,Medium
hymns.txt,Easy
spinoza.ethica5.txt,Medium
janus1.txt,Medium
numbers.txt,Medium
trinummus.txt,Hard
gellius9.txt,Medium
more.txt,Hard
liv.per70.txt,Easy
seneca.ep16.txt,Medium
tertullian.herm.txt,Medium
gall6.txt,Medium
campion.elegies.txt,Medium
johannes.txt,Medium
pliny.ep4.txt,Hard
quintilian.decl.mai12.txt,Hard
columella.rr6.txt,Hard
digest39.txt,Hard
liv.per129.txt,Easy
fulgentius1.txt,Medium
psplato.iusto.txt,Easy
omnegenus.txt,Easy
nepos.eum.txt,Medium
q1.57.txt,Easy
des.med6.txt,Medium
pliny.nh2.txt,Hard
ovid.tristia5.txt,Medium
sidonius8.txt,Hard
celtis.odes.txt,Easy
theb5.txt,Medium
barometri.txt,Easy
dia.txt,Medium
mirabilia1.txt,Medium
ovid.met4.txt,Hard
liv.per39.txt,Easy
claudian.proserp2.txt,Medium
serm95.txt,Easy
apicius5.txt,Easy
tertullian.cultu2.txt,Medium
poems.txt,Easy
geo1.txt,Medium
anselmproslogion.txt,Medium
philemon.txt,Easy
claud.inscr.txt,Easy
ovid.her7.txt,Medium
fide.txt,Medium
waltarius1.txt,Medium
ant (1).txt,Easy
digest14.txt,Medium
apuleius11.txt,Medium
apuleius5.txt,Medium
fortunat.txt,Easy
florus2.txt,Hard
q1.59.txt,Easy
tac.ann2.txt,Hard
pliny.nh1.txt,Medium
digest25.txt,Medium
valesianus1.txt,Medium
cluentio.txt,Hard
mir2.txt,Easy
ec1.txt,Easy
mir4.txt,Easy
albertanus.sermo1.txt,Medium
valesianus.txt,Easy
alex.txt,Hard
liv.6.txt,Hard
daniel.txt,Medium
epist2.txt,Medium
rutiliuslupus.txt,Medium
walter12.txt,Easy
terraiam.txt,Easy
1.txt,Hard
q1.51.txt,Easy
landor1806.txt,Medium
poenulus.txt,Hard
13 (1).txt,Medium
codex8.txt,Hard
florus1.txt,Hard
bellafr.txt,Hard
epitaphium.txt,Easy
aelredus.txt,Hard
tac.ann14.txt,Hard
sannazaro2.txt,Easy
tusc4.txt,Hard
suet.cal.txt,Hard
phil12.txt,Medium
oresmius.txt,Medium
suet.lucan.txt,Easy
ovid.her11.txt,Easy
liv.per11.txt,Easy
ave.phoen.txt,Easy
epist.txt,Medium
digest34.txt,Medium
levis.txt,Easy
sall.2.txt,Hard
curtius9.txt,Hard
civ7.txt,Hard
27.txt,Hard
liv.per12.txt,Easy
fin3.txt,Medium
newton.leges.txt,Easy
vir.txt,Easy
pontano.txt,Easy
jonah.txt,Easy
44.txt,Easy
mart10.txt,Hard
gellius1.txt,Hard
21.txt,Hard
liv.per68.txt,Easy
des.med5.txt,Easy
walter5.txt,Easy
civ14.txt,Medium
sidonius5.txt,Medium
tac.hist4.txt,Hard
codex4.txt,Hard
civ10.txt,Hard
seneca.ep20.txt,Hard
macabees2.txt,Hard
liv.per13.txt,Easy
verres.2.2.txt,Hard
porphyrius.txt,Medium
val.txt,Easy
spinoza.ethica3.txt,Medium
historia.txt,Hard
mac.txt,Medium
2 (3).txt,Hard
tertullian.haereses.txt,Medium
pliny.ep8.txt,Hard
hugo.solo.txt,Medium
16 (2).txt,Medium
silvae1.txt,Hard
lucan3.txt,Medium
valeriusflaccus5.txt,Medium
sedulius5.txt,Medium
leviticus.txt,Medium
ovid.her19.txt,Medium
ovid.met3.txt,Hard
holberg.txt,Hard
liv.per5.txt,Easy
albertanus.sermo4.txt,Easy
conf12.txt,Medium
marx.txt,Easy
7 (1).txt,Easy
liv.per106.txt,Easy
trin2.txt,Medium
15 (1).txt,Medium
withof3.txt,Easy
sententiae1.txt,Hard
pomponius3.txt,Medium
theb6.txt,Medium
tertullian.spect.txt,Medium
histrom5.txt,Easy
serm7.txt,Easy
histrom4.txt,Medium
att14.txt,Hard
8 (1).txt,Medium
liv.per4.txt,Easy
albertanus.arsloquendi.txt,Medium
ovid.tristia3.txt,Medium
campion.plot1.txt,Hard
liv.per24.txt,Easy
tertullian.cultu1.txt,Easy
withof2.txt,Easy
26.txt,Hard
varia1.txt,Hard
38.txt,Medium
q1.66.txt,Easy
digest42.txt,Medium
civ19.txt,Hard
varro.ll6.txt,Medium
samuel2.txt,Hard
dares.txt,Medium
lucan2.txt,Medium
varia4.txt,Hard
orosius1.txt,Medium
41.txt,Easy
suet.crispus.txt,Easy
walter6.txt,Easy
hist3 (1).txt,Medium
paulinus.poemata.txt,Hard
hebrews.txt,Medium
brut.txt,Hard
patricius2.txt,Easy
liv.per58.txt,Easy
macarius.txt,Easy
eutropius10.txt,Medium
baruch.txt,Medium
manasses.txt,Easy
tibullus2.txt,Medium
codex9.txt,Hard
cat1.txt,Medium
quintilian.decl.mai6.txt,Medium
scaliger.txt,Easy
anon.nev.txt,Medium
gregdecretals2.txt,Hard
fin4.txt,Medium
liv.per79.txt,Easy
q1.37.txt,Easy
forsett2.txt,Medium
malaterra2.txt,Hard
digest11.txt,Medium
quintilian.institutio3.txt,Hard
smarius.txt,Easy
suet.vit.txt,Medium
sen.prov.txt,Medium
columba2.txt,Medium
comes.txt,Easy
phaedr5.txt,Easy
quintilian.institutio8.txt,Hard
inst.txt,Hard
sedulius3.txt,Medium
naevius.txt,Easy
testamentum.txt,Easy
tertullian.ieiunio.txt,Medium
claud.txt,Medium
tertullian.scorpiace.txt,Medium
gaius2.txt,Medium
phaedr3.txt,Medium
ovid.artis3.txt,Medium
silius5.txt,Medium
valeriusflaccus1.txt,Medium
bebel.txt,Hard
ec10.txt,Easy
liv.8.txt,Hard
kempis1.txt,Medium
desummobono.txt,Easy
serm79.txt,Easy
aen5.txt,Medium
hist9.txt,Hard
com.txt,Medium
carmenarvale.txt,Easy
liv.per40.txt,Easy
fabulae.txt,Easy
liv.per121.txt,Easy
carmina.txt,Easy
strat4.txt,Medium
serm16.txt,Easy
valmax9.txt,Hard
varia.praef.txt,Easy
hist3.txt,Hard
pascha.txt,Easy
carmensaliare.txt,Easy
epitomefeliciana.txt,Medium
40.txt,Easy
bacon.liber1.txt,Hard
14 (2).txt,Medium
solinus3.txt,Hard
campion.misc.txt,Easy
theod16.txt,Hard
aus.sept.sent.txt,Easy
albertanus.liberconsol.txt,Hard
aen12.txt,Medium
withof.txt,Easy
att10.txt,Medium
ep (1).txt,Hard
tac.ann12.txt,Hard
optgen.txt,Easy
columbus.txt,Medium
28.txt,Hard
landor1810.txt,Easy
columella.rr2.txt,Medium
tac.hist2.txt,Hard
bacon.epistola.txt,Easy
adbrutum2.txt,Medium
hist2 (1).txt,Medium
institutes4.txt,Medium
proverbs.txt,Hard
trin12.txt,Medium
princ.txt,Easy
rec.txt,Easy
sen.clem.txt,Hard
phaedr2.txt,Medium
liv.per87.txt,Easy
petrarch.rom.txt,Medium
liv.per119.txt,Easy
mon1.txt,Medium
ovid.fasti2.txt,Hard
marcant.txt,Medium
gestafrancorum5.txt,Easy
cella.txt,Easy
liv.per63.txt,Easy
liv.42.txt,Hard
sequentia.txt,Easy
brevechronicon.txt,Easy
capellanus3.txt,Medium
walter1.txt,Easy
bedeproverbs.txt,Hard
boskovic.txt,Medium
solinus4a.txt,Hard
att8.txt,Medium
andrea.txt,Medium
manilius5.txt,Medium
nepos.att.txt,Medium
gellius20.txt,Medium
liv.per105.txt,Easy
silius6.txt,Medium
bede1.txt,Hard
theod09.txt,Hard
liv.40.txt,Hard
sabinus1.txt,Easy
gregdecretals3.txt,Hard
nithardus2.txt,Medium
columella.rr4.txt,Medium
cato.frag.txt,Medium
fratrem3.txt,Medium
varro.rr1.txt,Hard
apuleius2.txt,Medium
fam12.txt,Hard
lim.txt,Easy
vitruvius5.txt,Medium
histrom6.txt,Medium
digest35.txt,Medium
liv.per56.txt,Easy
fin1.txt,Hard
aus.mos.txt,Medium
suet.persius.txt,Easy
gregorytours10.txt,Hard
nehemiah.txt,Medium
hist4 (1).txt,Medium
liv.per.txt,Easy
protospatarius.txt,Easy
varia7.txt,Hard
q1.62.txt,Easy
q1.39.txt,Medium
lucernarium.txt,Easy
att6.txt,Medium
berengar.txt,Medium
richerus2.txt,Hard
q1.64.txt,Easy
fragmentumlaurentianum.txt,Easy
trin9.txt,Medium
repub4.txt,Easy
tacitus.txt,Medium
gwinne5.2.txt,Medium
ec5.txt,Easy
liv.per66.txt,Easy
bacon.distributio.txt,Medium
sall.phil.txt,Easy
buchanan.txt,Medium
seneca.contr9.txt,Hard
macabees1.txt,Hard
digest37.txt,Medium
des.med4.txt,Easy
ter.phormio.txt,Hard
silv.txt,Easy
joel.txt,Easy
baldo.txt,Hard
zephaniah.txt,Easy
calpurniussiculus.txt,Medium
mercator.txt,Hard
mart8.txt,Medium
fratrem2.txt,Medium
ephesians.txt,Easy
ovid.her16.txt,Medium
tac.ann11.txt,Medium
pastourelles.txt,Easy
mart.spec.txt,Easy
gestafrancorum1.txt,Easy
liv.per135.txt,Easy
falcandus.txt,Hard
ovid.tristia2.txt,Medium
serm18.txt,Easy
ruth.txt,Medium
captivi.txt,Hard
dumdomus.txt,Easy
civ15.txt,Hard
valmax7.txt,Hard
sall.pomp.txt,Easy
q1.23.txt,Medium
vestiunt.txt,Easy
hosea.txt,Easy
withof7.txt,Medium
innocent1.txt,Hard
quintilian.decl.mai17.txt,Medium
precatio.txt,Easy
liv.per133.txt,Easy
varro.rr3.txt,Hard
jeremiah.txt,Hard
